Vanilla	Van_planifolia	Target	NC_026778	148011	86359-116163,118207-148011	1-86358	116164-118206	29805	29805	86358	2043
Schizaea	Schizaea_pectinata	Target	NC_035808	156392	73223-113315,116297-156389	1-73222,156390-156392	113316-116296	40093	40093	73225	2981
Paphiopedilum	Paph_armeniacum	Target	NC_026779	162682	91735-125372,129045-162682	1-91734	125373-129044	33638	33638	91734	3672
Plantago	Plan_media	Target	NC_028520	164130	82766-121137,125751-164122	1-82765,164123-164130	121138-125750	38372	38372	82773	4613
Acacia	Aca_ligulata	Target	NC_026134	174233	92779-130995,135981-174197	1-92778,174198-174233	130996-135980	38217	38217	92814	4985
Taxillus	Taxi_chinensis	Target	NC_036306	121363	70373-92819,98902-121348	1-70372,121349-121363	92820-98901	22447	22447	70387	6082
Pedinomonas	Pedin_minor	Target	NC_016733	98340	70405-81037,87702-98334	1-70404,98335-98340	81038-87701	10633	10633	70410	6664
Centropogon	Centropog_granulosus	Target	NC_035354	166198	83639-121210,128609-166180	1-83638,166181-166198	121211-128608	37572	37572	83656	7398
Burmeistera	Burme_crispiloba	Target	NC_035775	165350	83728-120821,128239-165332	1-83727,165333-165350	120822-128238	37094	37094	83745	7417
Orobanche	Orob_austrohispanica	Target	NC_031441	81994	36211-55360,62826-81987	1-36210,81988-81994	55361-62825	19150	19162	36217	7465
Sclerotheca	Scl_longistigmata	Target	NC_035353	164283	82307-119524,127051-164268	1-82306,164269-164283	119525-127050	37218	37218	82321	7526
Monopsis	Monop_alba	Target	NC_036082	167768	81776-121000,128553-167768	1-81775	121001-128552	39225	39216	81775	7552
Lobelia	Lobe_erinus	Target	NC_036098	166019	81520-119865,127658-166003	1-81519,166004-166019	119866-127657	38346	38346	81535	7792
Cyphia	Cyph_angustiloba	Target	NC_036086	185219	76818-127114,134912-185208	1-76817,185209-185219	127115-134911	50297	50297	76828	7797
Cyanea	Cyanea_leptostegia	Target	NC_035356	163907	81961-118964,126889-163892	1-81960,163893-163907	118965-126888	37004	37004	81975	7924
Pratia	Prat_angulata	Target	NC_035367	164856	82635-119758,127719-164842	1-82634,164843-164856	119759-127718	37124	37124	82648	7960
Cistanche	Cis_phelypaea	Target	NC_025642	94380	32649-59517,67549-94379	1-32648,94380	59518-67548	26869	26831	32649	8031
Ephedra	Eph_foeminea	Target	NC_029347	109584	60782-81123,89243-109584	1-60781	81124-89242	20342	20342	60781	8119
Cuscuta	Cus_reflexa	Target	NC_009766	121521	79469-96176,104814-121521	1-79468	96177-104813	16708	16708	79468	8637
Viscum	Vis_album	Target	NC_028012	128921	74286-97281,105926-128921	1-74285	97282-105925	22996	22996	74285	8644
Genlisea	Genl_aurea	Target	NC_037078	140010	80655-105588,115077-140010	1-80654	105589-115076	24934	24934	80654	9488
Gnetum	Gn_montanum	Target	NC_021438	115019	66707-86111,95606-115010	1-66706,115011-115019	86112-95605	19405	19405	66715	9494
Drosera	Dro_regia	Target	NC_035415	136810	79415-102991,113234-136810	1-79414	102992-113233	23577	23577	79414	10242
Heritiera	Heri_angustata	Target	NC_037784	168953	89055-123534,134474-168953	1-89054	123535-134473	34480	34480	89054	10939
Gastrochilus	Gastroc_japonicus	Target	NC_035833	147697	84706-110611,121782-147687	1-84705,147688-147697	110612-121781	25906	25906	84715	11170
Phalaenopsis	Phalae_equestris	Target	NC_017609	148959	85968-111792,123135-148959	1-85967	111793-123134	25825	25825	85967	11342
Musa	Musa_balbisiana	Target	NC_028439	169503	87829-122903,134429-169503	1-87828	122904-134428	35075	35075	87828	11525
Neofinetia	Neof_falcata	Target	NC_036372	146497	83815-109265,121041-146491	1-83814,146492-146497	109266-121040	25451	25451	83820	11775
Setaria	Set_italica	Target	NC_022850	135516	79993-101704,113716-135418	1-79992,135419-135516	101705-113715	21712	21703	80090	12011
Leersia	Lee_tisserantii	Target	NC_016677	136551	81867-103188,115230-136551	1-81866	103189-115229	21322	21322	81866	12041
Ipomoea	Ip_batatas	Target	NC_026703	161303	87824-118509,130595-161296	1-87823,161297-161303	118510-130594	30686	30702	87830	12085
Festuca	Fes_arundinacea	Target	NC_011713	136048	80679-102224,114473-136018	1-80678,136019-136048	102225-114472	21546	21546	80708	12248
Alloeochaete	Alloe_namuliensis	Target	NC_035517	139190	81421-104174,116437-139190	1-81420	104175-116436	22754	22754	81420	12262
Oryza	Oryza_longistaminata	Target	NC_027462	134567	80597-101402,113762-134567	1-80596	101403-113761	20806	20806	80596	12359
Bouteloua	Bout_gracilis	Target	NC_029892	133742	79316-100324,112734-133742	1-79315	100325-112733	21009	21009	79315	12409
Hilaria	Hila_cenchroides	Target	NC_029415	134824	80239-101318,113763-134824	1-80238	101319-113762	21080	21062	80238	12444
Homolepis	Homo_isocalycia	Target	NC_036690	138875	80942-103681,116136-138875	1-80941	103682-116135	22740	22740	80941	12454
Paspalum	Paspalum_simplex	Target	NC_039461	143254	81083-105926,118411-143254	1-81082	105927-118410	24844	24844	81082	12484
Lolium	Lol_multiflorum	Target	NC_019651	135175	79850-101269,113755-135174	1-79849,135175	101270-113754	21420	21420	79850	12485
Rytidosperma	Ry_pallidum	Target	NC_037166	132765	78901-99584,112073-132756	1-78900,132757-132765	99585-112072	20684	20684	78909	12488
Eriochrysis	Eriochr_laxa	Target	NC_029883	140135	82367-105004,117498-140135	1-82366	105005-117497	22638	22638	82366	12493
Sorghum	Sorghum_bicolor	Target	NC_008602	140754	83832-105992,118496-140656	1-83831,140657-140754	105993-118495	22161	22161	83929	12503
Sartidia	Sart_perrieri	Target	NC_027146	138471	80509-103232,115748-138471	1-80508	103233-115747	22724	22724	80508	12515
Echinochloa	Echino_colona	Target	NC_032383	139719	81968-104582,117102-139716	1-81967,139717-139719	104583-117101	22615	22615	81970	12519
Garnotia	Gar_tenella	Target	NC_035051	139629	82342-104724,117247-139629	1-82341	104725-117246	22383	22383	82341	12522
Aristida	Aristi_purpurea	Target	NC_025228	138423	80438-103168,115693-138423	1-80437	103169-115692	22731	22731	80437	12524
Chloris	Chloris_truncata	Target	NC_032033	135584	81026-102038,114567-135584	1-81025	102039-114566	21013	21018	81025	12528
Pharus	Phar_latifolius	Target	NC_021372	142077	83345-106444,118974-142073	1-83344,142074-142077	106445-118973	23100	23100	83348	12529
Brachiaria	Brachi_humidicola	Target	NC_030069	138976	81018-103728,116264-138976	1-81017	103729-116263	22711	22713	81017	12535
Elytrophorus	Ely_globularis	Target	NC_035527	136403	81299-102577,115114-136392	1-81298,136393-136403	102578-115113	21279	21279	81309	12536
Bothriochloa	Bot_alta	Target	NC_030621	137645	79533-102317,114861-137645	1-79532	102318-114860	22785	22785	79532	12543
Chrysopogon	Chrysop_gryllus	Target	NC_035035	140034	82024-104753,117305-140034	1-82023	104754-117304	22730	22730	82023	12551
Zea	Zea_diploperennis	Target	NC_030377	140608	82501-105277,117832-140608	1-82500	105278-117831	22777	22777	82500	12554
Themeda	Them_triandra	Target	NC_035016	138865	80862-103584,116141-138863	1-80861,138864-138865	103585-116140	22723	22723	80863	12556
Schizachyrium	Schizac_scoparium	Target	NC_035032	139274	81381-104046,116609-139274	1-81380	104047-116608	22666	22666	81380	12562
Saccharum	Sacch_officinarum	Target	NC_035224	141176	83047-105828,118395-141176	1-83046	105829-118394	22782	22782	83046	12566
Melica	Meli_mutica	Target	NC_027477	134710	80492-101309,113880-134697	1-80491,134698-134710	101310-113879	20818	20818	80504	12570
Avena	Av_sativa	Target	NC_027468	135890	80147-101712,114288-135853	1-80146,135854-135890	101713-114287	21566	21566	80183	12575
Zoysia	Zo_macrantha	Target	NC_029418	135845	81352-102309,114888-135845	1-81351	102310-114887	20958	20958	81351	12578
Heteropogon	Heterop_contortus	Target	NC_035027	134982	81202-101800,114384-134982	1-81201	101801-114383	20599	20599	81201	12583
Hyparrhenia	Hypa_variabilis	Target	NC_040112	139481	81540-104216,116805-139481	1-81539	104217-116804	22677	22677	81539	12588
Zizania	Ziza_latifolia	Target	NC_029401	136461	82116-102993,115584-136461	1-82115	102994-115583	20878	20878	82115	12590
Eriachne	Eria_mucronata	Target	NC_035529	135115	80155-101336,113928-135109	1-80154,135110-135115	101337-113927	21182	21182	80160	12591
Eremochloa	Ere_ophiuroides	Target	NC_036716	139061	82036-104252,116845-139061	1-82035	104253-116844	22217	22217	82035	12592
Arthraxon	Arth_hispidus	Target	NC_035048	140507	82422-105166,117759-140503	1-82421,140504-140507	105167-117758	22745	22745	82425	12592
Urochloa	Uroc_reptans	Target	NC_030617	140177	82159-104869,117466-140176	1-82158,140177	104870-117465	22711	22711	82159	12596
Axonopus	Ax_fissifolius	Target	NC_030501	139250	81145-103899,116496-139250	1-81144	103900-116495	22755	22755	81144	12596
Eragrostis	Era_tef	Target	NC_029413	134435	79803-100819,113419-134435	1-79802	100820-113418	21017	21017	79802	12599
Chasechloa	Chase_egregia	Target	NC_031299	140371	82181-104959,117559-140337	1-82180,140338-140371	104960-117558	22779	22779	82214	12599
Panicum	Pani_miliaceum	Target	NC_029732	139826	81737-104481,117082-139826	1-81736	104482-117081	22745	22745	81736	12600
Anthoxanthum	Antho_odoratum	Target	NC_027467	135551	79639-101287,113891-135539	1-79638,135540-135551	101288-113890	21649	21649	79650	12603
Tristachya	Trist_leucothrix	Target	NC_036708	138918	80787-103547,116158-138918	1-80786	103548-116157	22761	22761	80786	12610
Andropogon	Androp_gerardii	Target	NC_040111	139712	81549-104321,116940-139712	1-81548	104322-116939	22773	22773	81548	12618
Alloteropsis	Allote_semialata	Target	NC_027824	138209	81960-103771,116392-138203	1-81959,138204-138209	103772-116391	21812	21812	81965	12620
Arundo	Arundo_donax	Target	NC_037077	137093	82025-103245,115872-137092	1-82024,137093	103246-115871	21221	21221	82025	12626
Amphipogon	Amphip_caricinus	Target	NC_035520	135994	81103-102225,114872-135994	1-81102	102226-114871	21123	21123	81102	12646
Leptochloa	Lepto_pluriflora	Target	NC_037169	134507	80292-101075,113724-134507	1-80291	101076-113723	20784	20784	80291	12648
Isachne	Isac_distichophylla	Target	NC_025236	135782	81012-102069,114720-135777	1-81011,135778-135782	102070-114719	21058	21058	81016	12650
Triodia	Triod_stipoides	Target	NC_037157	134874	80170-101196,113848-134874	1-80169	101197-113847	21027	21027	80169	12651
Crinipes	Crin_abyssinicus	Target	NC_035523	137909	82708-103979,116638-137909	1-82707	103980-116637	21272	21272	82707	12658
Hordeum	Hor_jubatum	Target	NC_027476	136826	80928-102531,115197-136800	1-80927,136801-136826	102532-115196	21604	21604	80953	12665
Brachypodium	Brachyp_distachyon	Target	NC_011032	135199	79448-100983,113664-135199	1-79447	100984-113663	21536	21536	79447	12680
Miscanthus	Mis_sinensis	Target	NC_028721	141372	83160-105924,118608-141372	1-83159	105925-118607	22765	22765	83159	12683
Distichlis	Dist_spicata	Target	NC_029895	138504	83376-104591,117289-138504	1-83375	104592-117288	21216	21216	83375	12697
Sporobolus	Spor_maritimus	Target	NC_027650	135592	80859-101861,114590-135592	1-80858	101862-114589	21003	21003	80858	12728
Oncidium	Oncid_sphacelatum	Target	NC_028148	147761	83576-109304,122033-147761	1-83575	109305-122032	25729	25729	83575	12728
Arundinaria	Arundina_gigantea	Target	NC_020341	138935	82633-104418,117150-138935	1-82632	104419-117149	21786	21786	82632	12731
Agrostis	Agrostis_stolonifera	Target	NC_008591	136584	81613-102728,115469-136584	1-81612	102729-115468	21116	21116	81612	12740
Pariana	Paria_radiciflora	Target	NC_026972	140361	81868-104728,117481-140341	1-81867,140342-140361	104729-117480	22861	22861	81887	12752
Oldeania	Old_alpina	Target	NC_036813	139599	83224-105020,117783-139586	1-83223,139587-139599	105021-117782	21797	21804	83236	12762
Leptaspis	Lepta_zeylanica	Target	NC_033864	141946	83599-106386,119159-141946	1-83598	106387-119158	22788	22788	83598	12772
Aegilops	Aeg_bicornis	Target	NC_024831	136861	81020-102544,115320-136849	1-81019,136850-136861	102545-115319	21525	21530	81031	12775
Adenocalymma	Adenoc_marginatum	Target	NC_037457	158797	84898-115458,128237-158797	1-84897	115459-128236	30561	30561	84897	12778
Poa	Poa_nemoralis	Target	NC_036974	135845	79945-101500,114290-135845	1-79944	101501-114289	21556	21556	79944	12789
Triticum	Trit_aestivum	Target	NC_002762	134545	80361-101051,113843-134533	1-80360,134534-134545	101052-113842	20691	20691	80372	12791
Stipa	Stipa_hymenoides	Target	NC_027464	137742	81710-103324,116128-137742	1-81709	103325-116127	21615	21615	81709	12803
Indosasa	Indos_shibataeoides	Target	NC_036820	139711	83328-105100,117911-139698	1-83327,139699-139711	105101-117910	21773	21788	83340	12810
Indocalamus	Indoc_longiauritus	Target	NC_015803	139668	83296-105065,117877-139653	1-83295,139654-139668	105066-117876	21770	21777	83310	12811
Fargesia	Far_yunnanensis	Target	NC_024717	139609	83203-104995,117813-139605	1-83202,139606-139609	104996-117812	21793	21793	83206	12817
Ampelocalamus	Ampeloc_actinotrichus	Target	NC_036815	139774	83297-105097,117954-139761	1-83296,139762-139774	105098-117953	21801	21808	83309	12856
Cattleya	Catt_crispata	Target	NC_026568	148343	85757-110614,123479-148320	1-85756,148321-148343	110615-123478	24858	24842	85779	12864
Phyllostachys	Phyllosta_edulis	Target	NC_015817	139679	83244-105011,117882-139664	1-83243,139665-139679	105012-117881	21768	21783	83258	12870
Anemopaegma	Anemop_foetidum	Target	NC_037230	167413	75071-114806,127678-167413	1-75070	114807-127677	39736	39736	75070	12871
Bambusa	Bam_multiplex	Target	NC_024668	139394	82924-104711,117607-139394	1-82923	104712-117606	21788	21788	82923	12895
Guadua	Gua_angustifolia	Target	NC_029749	135331	82869-102636,115535-135302	1-82868,135303-135331	102637-115534	19768	19768	82897	12898
Chusquea	Chu_circinata	Target	NC_027490	137951	81456-103235,116148-137949	1-81455,137950-137951	103236-116147	21780	21802	81457	12912
Pseudosasa	Pseudosa_japonica	Target	NC_028328	139641	83108-104905,117834-139641	1-83107	104906-117833	21798	21808	83107	12928
Otatea	Otat_acuminata	Target	NC_026971	136351	82888-103131,116080-136341	1-82887,136342-136351	103132-116079	20244	20262	82897	12948
Rheum	Rhe_palmatum	Target	NC_027728	161541	86537-117474,130586-161523	1-86536,161524-161541	117475-130585	30938	30938	86554	13111
Fagopyrum	Fago_tataricum	Target	NC_027161	159272	84427-115214,128456-159243	1-84426,159244-159272	115215-128455	30788	30788	84455	13241
Burmannia	Burma_disticha	Target	NC_036661	156422	79959-111565,124816-156422	1-79958	111566-124815	31607	31607	79958	13250
Jasminum	Jas_nudiflorum	Target	NC_008407	165121	92878-122353,135646-165121	1-92877	122354-135645	29476	29476	92877	13292
Passiflora	Pass_quadrangularis	Target	NC_038126	148106	85833-110216,123724-148106	1-85832	110217-123723	24384	24383	85832	13507
Corallorhiza	Cora_trifida	Target	NC_025662	149384	83109-109027,123448-149366	1-83108,149367-149384	109028-123447	25919	25919	83126	14420
Utricularia	Ut_gibba	Target	NC_021449	152113	81819-109691,124241-152113	1-81818	109692-124240	27873	27873	81818	14549
Dendrobium	Dendrob_nobile	Target	NC_029456	153660	84728-111391,126042-152705	1-84727,152706-153660	111392-126041	26664	26664	85682	14650
Lupinus	Lup_albus	Target	NC_026681	154140	82267-110319,126088-154140	1-82266	110320-126087	28053	28053	82266	15768
Aloe	Aloe_vera	Target	NC_035506	152875	83513-110101,126279-152867	1-83512,152868-152875	110102-126278	26589	26589	83520	16177
Salix	Salix_arbutifolia	Target	NC_036718	155661	19-27455,43671-71107	1-18,71108-155661	27456-43670	27437	27437	84572	16215
Anemone	Anemone_trullifolia	Target	NC_039456	157096	78797-109817,126075-157095	1-78796,157096	109818-126074	31021	31021	78797	16257
Downingia	Dow_cuspidata	Target	NC_035359	136733	76404-98393,114744-136733	1-76403	98394-114743	21990	21990	76403	16350
Nephroselmis	Nep_olivacea	Target	NC_000927	200799	92127-138215,154711-200799	1-92126	138216-154710	46089	46089	92126	16495
Populus	Pop_nigra	Target	NC_037416	155096	83688-111102,127667-155081	1-83687,155082-155096	111103-127666	27415	27415	83702	16564
Sedum	Sed_oryzifolium	Target	NC_027837	149609	81426-107187,123824-149599	1-81425,149600-149609	107188-123823	25762	25776	81435	16636
Paeonia	Pae_brownii	Target	NC_037880	152228	84278-109905,126585-152212	1-84277,152213-152228	109906-126584	25628	25628	84293	16679
Phedimus	Phed_kamtschaticus	Target	NC_037946	151652	83023-108987,125676-151640	1-83022,151641-151652	108988-125675	25965	25965	83034	16688
Lagerstroemia	Lager_speciosa	Target	NC_031414	152476	84052-109868,126754-152476	1-84051	109869-126753	25817	25723	84051	16885
Aconitum	Acon_ciliare	Target	NC_031420	155832	86471-112671,129614-155814	1-86470,155815-155832	112672-129613	26201	26201	86488	16942
Pseudostellaria	Pseudost_longipedicellata	Target	NC_039454	149626	81369-106980,123939-149550	1-81368,149551-149626	106981-123938	25612	25612	81444	16958
Galium	Galium_aparine	Target	NC_036969	152712	83595-109624,126683-152712	1-83594	109625-126682	26030	26030	83594	17058
Gentiana	Gent_macrophylla	Target	NC_035719	149916	82178-107130,124240-149192	1-82177,149193-149916	107131-124239	24953	24953	82901	17109
Lamium	Lami_album	Target	NC_036971	150505	82446-107887,125064-150505	1-82445	107888-125063	25442	25442	82445	17176
Carpinus	Carp_betulus	Target	NC_039934	160583	88283-115834,133031-160583	1-88282	115835-133030	27552	27553	88282	17196
Silene	Sile_latifolia	Target	NC_016730	151736	82705-108603,125838-151736	1-82704	108604-125837	25899	25899	82704	17234
Coptis	Cop_quinquesecta	Target	NC_037759	154549	84410-110844,128115-154549	1-84409	110845-128114	26435	26435	84409	17270
Epimedium	Epim_koreanum	Target	NC_029943	157218	89561-114739,132040-157218	1-89560	114740-132039	25179	25179	89560	17300
Cardiocrinum	Cardi_giganteum	Target	NC_033896	152653	82379-108844,126154-152619	1-82378,152620-152653	108845-126153	26466	26466	82412	17309
Bletilla	Ble_striata	Target	NC_028422	157393	85805-112669,130068-157017	1-85804,157018-157393	112670-130067	26865	26950	86180	17398
Veronica	Veronica_persica	Target	NC_031344	150198	81856-107315,124734-150193	1-81855,150194-150198	107316-124733	25460	25460	81860	17418
Amana	Amana_edulis	Target	NC_034707	150810	82122-107747,125197-150810	1-82121	107748-125196	25626	25614	82121	17449
Thalictrum	Thali_thalictroides	Target	NC_039433	154924	84900-111172,128652-154924	1-84899	111173-128651	26273	26273	84899	17479
Vigna	Vig_angularis	Target	NC_021091	151683	81285-107740,125228-151683	1-81284	107741-125227	26456	26456	81284	17487
Stenogyne	Stenog_bifida	Target	NC_029818	150129	81753-107192,124688-150127	1-81752,150128-150129	107193-124687	25440	25440	81754	17495
Salvia	Salv_officinalis	Target	NC_038165	151089	82408-107992,125505-151089	1-82407	107993-125504	25585	25585	82407	17512
Scutellaria	Scu_baicalensis	Target	NC_027262	152731	83463-109172,126694-152334	1-83462,152335-152731	109173-126693	25710	25641	83859	17521
Pogostemon	Pogos_stellatus	Target	NC_031434	151824	83018-108656,126181-151819	1-83017,151820-151824	108657-126180	25639	25639	83022	17524
Lilium	Lil_henryi	Target	NC_035570	153119	82503-109033,126567-153097	1-82502,153098-153119	109034-126566	26531	26531	82524	17533
Perilla	Peril_frutescens	Target	NC_030756	152602	83710-109381,126927-152598	1-83709,152599-152602	109382-126926	25672	25672	83713	17545
Bupleurum	Bup_falcatum	Target	NC_027834	155989	85913-112178,129724-155989	1-85912	112179-129723	26266	26266	85912	17545
Polygonatum	Polyg_cyrtonema	Target	NC_028429	153503	82551-109247,126801-153496	1-82550,153497-153503	109248-126800	26697	26696	82557	17553
Peucedanum	Peu_japonicum	Target	NC_034644	164653	75585-111342,128896-164653	1-75584	111343-128895	35758	35758	75584	17553
Fritillaria	Fri_cirrhosa	Target	NC_024728	151991	81770-108100,125662-151991	1-81769	108101-125661	26331	26330	81769	17561
Gynochthodes	Gynoc_officinalis	Target	NC_028009	153398	83718-109776,127343-153398	1-83717	109777-127342	26059	26056	83717	17566
Rehmannia	Rehm_glutinosa	Target	NC_034308	153622	84695-110324,127905-153534	1-84694,153535-153622	110325-127904	25630	25630	84782	17580
Corylus	Coryl_avellana	Target	NC_031855	159641	88063-115060,132644-159641	1-88062	115061-132643	26998	26998	88062	17583
Zanthoxylum	Za_bungeanum	Target	NC_031386	158401	85948-113344,130956-158352	1-85947,158353-158401	113345-130955	27397	27397	85996	17611
Eutrema	Eut_salsugineum	Target	NC_028170	153407	83896-109819,127484-153407	1-83895	109820-127483	25924	25924	83895	17664
Ligusticum	Ligus_sinense	Target	NC_038088	148512	91788-110222,127908-146342	1-91787,146343-148512	110223-127907	18435	18435	93957	17685
Mentha	Men_spicata	Target	NC_037247	152132	83220-108829,126523-152132	1-83219	108830-126522	25610	25610	83219	17693
Echinacanthus	Echinaca_attenuatus	Target	NC_039762	152672	83569-109236,126953-152631	1-83568,152632-152672	109237-126952	25668	25679	83609	17716
Lobularia	Lobu_maritima	Target	NC_009274	152659	82400-108666,126393-152659	1-82399	108667-126392	26267	26267	82399	17726
Angelica	Angeli_dahurica	Target	NC_029392	146918	93605-111395,129128-146918	1-93604	111396-129127	17791	17791	93604	17732
Humulus	Humu_lupulus	Target	NC_028032	153751	84143-110062,127799-153718	1-84142,153719-153751	110063-127798	25920	25920	84175	17736
Cymbidium	Cymbi_ensifolium	Target	NC_028525	157484	85781-112761,130504-157484	1-85780	112762-130503	26981	26981	85780	17742
Cardamine	Carda_amara	Target	NC_036962	154561	84289-110542,128301-154554	1-84288,154555-154561	110543-128300	26254	26254	84295	17758
Sinalliaria	Sinal_limprichtiana	Target	NC_034287	153746	83460-109718,127488-153746	1-83459	109719-127487	26259	26259	83459	17769
Arabidopsis	Arabid_thaliana	Target	NC_000932	154478	84188-110434,128215-154461	1-84187,154462-154478	110435-128214	26247	26247	84204	17780
Brassica	Brassi_juncea	Target	NC_028272	153483	83287-109494,127276-153483	1-83286	109495-127275	26208	26208	83286	17781
Dendrosenecio	Dendros_cheranganiensis	Target	NC_037956	150606	83457-108137,125926-150606	1-83456	108138-125925	24681	24681	83456	17788
Olea	Olea_europaea	Target	NC_013707	155888	86591-112323,130133-155865	1-86590,155866-155888	112324-130132	25733	25733	86613	17809
Aethionema	Aet_grandiflorum	Target	NC_009266	154243	83489-109961,127771-154243	1-83488	109962-127770	26473	26473	83488	17809
Orychophragmus	Oryc_diffusus	Target	NC_033498	153777	83477-109711,127523-153757	1-83476,153758-153777	109712-127522	26235	26235	83496	17811
Primula	Primula_poissonii	Target	NC_024543	151664	83455-108647,126462-151654	1-83454,151655-151664	108648-126461	25193	25193	83464	17814
Byrsonima	By_crassifolia	Target	NC_037192	160212	88467-115423,133238-160194	1-88466,160195-160212	115424-133237	26957	26957	88484	17814
Symplocos	Sympl_paniculata	Target	NC_035702	156992	87045-113101,130923-156979	1-87044,156980-156992	113102-130922	26057	26057	87057	17821
Bunias	Bun_orientalis	Target	NC_036111	154012	83705-109933,127765-153993	1-83704,153994-154012	109934-127764	26229	26229	83723	17831
Lancea	Lan_tibetica	Target	NC_037693	153665	84402-110124,127969-153665	1-84401	110125-127968	25723	25697	84401	17844
Capsella	Capse_bursa_pastoris	Target	NC_009270	154490	83757-110192,128040-154475	1-83756,154476-154490	110193-128039	26436	26436	83771	17847
Capsicum	Capsi_annuum	Target	NC_018552	156781	87398-113149,130999-156750	1-87397,156751-156781	113150-130998	25752	25752	87428	17849
Androsace	Andros_paxiana	Target	NC_034640	150528	80795-106735,124585-150525	1-80794,150526-150528	106736-124584	25941	25941	80797	17849
Dipsacus	Dips_japonicus	Target	NC_039668	160371	87194-114853,132712-160371	1-87193	114854-132711	27660	27660	87193	17858
Paulownia	Paulo_tomentosa	Target	NC_031436	154540	85237-110955,128822-154540	1-85236	110956-128821	25719	25719	85236	17866
Fraxinus	Frax_excelsior	Target	NC_037446	155622	86416-112082,129956-155622	1-86415	112083-129955	25667	25667	86415	17873
Habenaria	Haben_radiata	Target	NC_035834	155353	84834-111153,129034-155353	1-84833	111154-129033	26320	26320	84833	17880
Chionanthus	Chiona_retusus	Target	NC_035000	155687	86505-112146,130041-155682	1-86504,155683-155687	112147-130040	25642	25642	86509	17894
Citrullus	Citrul_lanatus	Target	NC_032008	156906	86859-112927,130825-156893	1-86858,156894-156906	112928-130824	26069	26069	86871	17897
Glycine	Glyci_max	Target	NC_007942	152218	83176-108738,126656-152218	1-83175	108739-126655	25563	25563	83175	17917
Paris	Paris_verticillata	Target	NC_024560	157379	82727-111093,129013-157379	1-82726	111094-129012	28367	28367	82726	17919
Papaver	Papa_somniferum	Target	NC_029434	152931	83073-109020,126941-152888	1-83072,152889-152931	109021-126940	25948	25948	83115	17920
Scrophularia	Scr_buergeriana	Target	NC_031437	153631	84501-110078,128008-153585	1-84500,153586-153631	110079-128007	25578	25578	84546	17929
Allium	Alli_cepa	Target	NC_024813	153538	82695-109148,127085-153538	1-82694	109149-127084	26454	26454	82694	17936
Pachycladon	Pachyc_cheesemanii	Target	NC_021102	154498	83561-110045,128005-154488	1-83560,154489-154498	110046-128004	26485	26484	83570	17959
Pedicularis	Pedic_cheilanthifolia	Target	NC_036010	155159	85257-111218,129198-155159	1-85256	111219-129197	25962	25962	85256	17979
Lepidium	Lepi_virginicum	Target	NC_009273	154743	84073-110395,128384-154709	1-84072,154710-154743	110396-128383	26323	26326	84106	17988
Amaranthus	Amar_caudatus	Target	NC_040143	150523	83879-108203,126199-150523	1-83878	108204-126198	24325	24325	83878	17995
Arabis	Arabis_alpina	Target	NC_023367	152866	82340-108605,126601-152866	1-82339	108606-126600	26266	26266	82339	17995
Biscutella	Bis_baetica	Target	NC_039952	154138	83562-109841,127842-154121	1-83561,154122-154138	109842-127841	26280	26280	83578	18000
Spondias	Spon_mombin	Target	NC_035973	162302	89997-117114,135127-162244	1-89996,162245-162302	117115-135126	27118	27118	90054	18012
Ammopiptanthus	Ammopi_nanus	Target	NC_034743	154140	84077-110070,128085-154078	1-84076,154079-154140	110071-128084	25994	25994	84138	18014
Iris	Ir_sanguinea	Target	NC_029227	152408	82362-108366,126383-152387	1-82361,152388-152408	108367-126382	26005	26005	82382	18016
Forsythia	Fors_x_intermedia	Target	NC_036982	156376	87098-112724,130750-156376	1-87097	112725-130749	25627	25627	87097	18025
Pugionium	Pug_dolabratum	Target	NC_030515	155002	84115-110534,128566-154985	1-84114,154986-155002	110535-128565	26420	26420	84131	18031
Stemona	Stem_japonica	Target	NC_039675	154224	82118-109150,127192-154224	1-82117	109151-127191	27033	27033	82117	18041
Ambrosia	Amb_artemisiifolia	Target	NC_035875	152215	84400-109281,127334-152215	1-84399	109282-127333	24882	24882	84399	18052
Cucurbita	Cucur_maxima	Target	NC_036505	157204	87653-113402,131455-157204	1-87652	113403-131454	25750	25750	87652	18052
Dipteronia	Dipteron_sinensis	Target	NC_029338	157080	85460-112236,130300-157076	1-85459,157077-157080	112237-130299	26777	26777	85463	18063
Panax	Panax_ginseng	Target	NC_006290	156318	86109-112177,130248-156316	1-86108,156317-156318	112178-130247	26069	26069	86110	18070
Acer	Acer_truncatum	Target	NC_037211	156262	86023-112104,130177-156258	1-86022,156259-156262	112105-130176	26082	26082	86026	18072
Neottia	Neott_ovata	Target	NC_030712	156978	85434-112165,130247-156978	1-85433	112166-130246	26732	26732	85433	18081
Cyanophora	Cyano_paradoxa	Target	NC_001675	135599	1-11250,106267-117516	11251-106266	117517-135599	11250	11250	95016	18083
Naravelia	Nara_zeylanica	Target	NC_039580	159568	79387-110429,128516-159558	1-79386,159559-159568	110430-128515	31043	31043	79396	18086
Xylocarpus	Xy_granatum	Target	NC_039925	159410	87346-114334,132422-159410	1-87345	114335-132421	26989	26989	87345	18087
Betula	Bet_pubescens	Target	NC_039996	158647	88569-114558,132658-158647	1-88568	114559-132657	25990	25990	88568	18099
Kadsura	Kad_coccinea	Target	NC_040116	145413	94302-110794,128921-145413	1-94301	110795-128920	16493	16493	94301	18126
Draba	Draba_nemorosa	Target	NC_009272	153289	82487-108818,126945-153276	1-82486,153277-153289	108819-126944	26332	26332	82499	18126
Dendropanax	Dendrop_morbifer	Target	NC_027607	156366	86476-112357,130485-156366	1-86475	112358-130484	25882	25882	86475	18127
Stewartia	Stew_pseudocamellia	Target	NC_035697	158409	87512-113887,132021-158396	1-87511,158397-158409	113888-132020	26376	26376	87524	18133
Chenopodium	Chen_album	Target	NC_034950	152167	83677-108854,126990-152167	1-83676	108855-126989	25178	25178	83676	18135
Coffea	Cof_arabica	Target	NC_008535	155189	85188-111109,129247-155168	1-85187,155169-155189	111110-129246	25922	25922	85208	18137
Echinacea	Echinacea_atrorubens	Target	NC_034323	151912	83680-108707,126846-151869	1-83679,151870-151912	108708-126845	25028	25024	83722	18138
Bauhinia	Bau_acuminata	Target	NC_037762	155548	86290-111843,129985-155538	1-86289,155539-155548	111844-129984	25554	25554	86299	18141
Fragaria	Frag_x_ananassa	Target	NC_035961	155549	85549-111468,129614-155533	1-85548,155534-155549	111469-129613	25920	25920	85564	18145
Clematis	Clem_alternata	Target	NC_039577	159476	79284-110303,128451-159476	1-79283	110304-128450	31020	31026	79283	18147
Schefflera	Sche_delavayi	Target	NC_022813	156341	86124-112156,130309-156341	1-86123	112157-130308	26033	26033	86123	18152
Cochlearia	Coch_pyrenaica	Target	NC_029331	154569	83641-110020,128173-154552	1-83640,154553-154569	110021-128172	26380	26380	83657	18152
Aletris	Ale_spicata	Target	NC_033411	154999	83516-110175,128336-154995	1-83515,154996-154999	110176-128335	26660	26660	83519	18160
Gordonia	Gor_brandegeei	Target	NC_035646	157604	87496-113461,131623-157588	1-87495,157589-157604	113462-131622	25966	25966	87511	18161
Ricotia	Ri_cretica	Target	NC_039958	154188	83293-109647,127817-154171	1-83292,154172-154188	109648-127816	26355	26355	83309	18169
Croomia	Cro_heterosepala	Target	NC_039673	154407	81849-109037,127212-154400	1-81848,154401-154407	109038-127211	27189	27189	81855	18174
Urophysa	Urop_henryi	Target	NC_039744	158303	87041-113566,131742-158292	1-87040,158293-158303	113567-131741	26526	26551	87051	18175
Primulina	Primuli_linearifolia	Target	NC_036414	153244	84186-109608,127786-153208	1-84185,153209-153244	109609-127785	25423	25423	84221	18177
Schima	Schima_superba	Target	NC_035545	157254	87203-113136,131321-157254	1-87202	113137-131320	25934	25934	87202	18184
Goodyera	Goo_schlechtendaliana	Target	NC_029364	154348	83216-109683,127881-154348	1-83215	109684-127880	26468	26468	83215	18197
Cucumis	Cucum_sativus	Target	NC_007144	155293	86670-111850,130060-155236	1-86669,155237-155293	111851-130059	25181	25177	86726	18209
Hansenia	Hans_weberbaueriana	Target	NC_035053	158625	88261-114329,132562-158625	1-88260	114330-132561	26069	26064	88260	18232
Hosta	Hos_ventricosa	Target	NC_032706	156577	84954-111647,129882-156575	1-84953,156576-156577	111648-129881	26694	26694	84955	18234
Agave	Agave_americana	Target	NC_032053	157274	86108-112566,130803-157261	1-86107,157262-157274	112567-130802	26459	26459	86120	18236
Ligularia	Ligul_fischeri	Target	NC_039352	151193	83302-108121,126374-151193	1-83301	108122-126373	24820	24820	83301	18252
Piper	Piper_nigrum	Target	NC_034692	161523	89117-116191,134449-161523	1-89116	116192-134448	27075	27075	89116	18257
Schisandra	Schisa_sphenanthera	Target	NC_037145	146843	95644-112108,130369-146828	1-95643,146829-146843	112109-130368	16465	16460	95658	18260
Diplostephium	Diplo_rupestre	Target	NC_034865	152027	83737-108750,127014-152027	1-83736	108751-127013	25014	25014	83736	18263
Artemisia	Arte_annua	Target	NC_034683	150952	82773-107727,125998-150952	1-82772	107728-125997	24955	24955	82772	18270
Camellia	Camell_sinensis	Target	NC_020019	157103	86662-112736,131013-157087	1-86661,157088-157103	112737-131012	26075	26075	86677	18276
Pyrenaria	Pyre_diospyricarpa	Target	NC_035704	157102	86689-112751,131033-157095	1-86688,157096-157102	112752-131032	26063	26063	86695	18281
Elaeagnus	Ela_macrophylla	Target	NC_028066	152224	82136-108036,126324-152224	1-82135	108037-126323	25901	25901	82135	18287
Eucalyptus	Euc_erythrocorys	Target	NC_022406	159742	88705-115073,133361-159729	1-88704,159730-159742	115074-133360	26369	26369	88717	18287
Polyspora	Polysp_axillaris	Target	NC_035645	156770	86324-112391,130687-156754	1-86323,156755-156770	112392-130686	26068	26068	86339	18295
Dunalia	Duna_brachyacantha	Target	NC_026906	156730	87185-112770,131070-156655	1-87184,156656-156730	112771-131069	25586	25586	87259	18299
Yucca	Yuc_filamentosa	Target	NC_032712	157785	86136-112808,131113-157785	1-86135	112809-131112	26673	26673	86135	18304
Baccharis	Bac_genistelloides	Target	NC_034852	153239	84925-109929,128235-153239	1-84924	109930-128234	25005	25005	84924	18305
Iochroma	Ioc_australe	Target	NC_029833	156996	87500-113090,131396-156986	1-87499,156987-156996	113091-131395	25591	25591	87509	18305
Helianthus	Helia_annuus	Target	NC_007977	151104	83564-108163,126472-151071	1-83563,151072-151104	108164-126471	24600	24600	83596	18308
Styrax	Styr_grandiflorus	Target	NC_030539	158052	87657-113695,132006-158044	1-87656,158045-158052	113696-132005	26039	26039	87664	18310
Dysosma	Dy_pleiantha	Target	NC_037905	156840	86700-112612,130925-156837	1-86699,156838-156840	112613-130924	25913	25913	86702	18312
Acorus	Acor_calamus	Target	NC_007407	153821	84150-109826,128145-153821	1-84149	109827-128144	25677	25677	84149	18318
Aster	Aster_indicus	Target	NC_040126	152885	84611-109588,127908-152885	1-84610	109589-127907	24978	24978	84610	18319
Hesperaloe	Hespera_parviflora	Target	NC_032703	157393	86238-112645,130986-157393	1-86237	112646-130985	26408	26408	86237	18340
Eclipta	Ecl_prostrata	Target	NC_030773	151757	83306-108348,126695-151737	1-83305,151738-151757	108349-126694	25043	25043	83325	18346
Chrysanthemum	Chrysa_x_morifolium	Target	NC_020092	151033	82781-107730,126084-151033	1-82780	107731-126083	24950	24950	82780	18353
Euonymus	Euo_japonicus	Target	NC_028067	157637	85942-112610,130969-157637	1-85941	112611-130968	26669	26669	85941	18358
Glycosmis	Glyco_pentaphylla	Target	NC_032687	159844	87495-114477,132862-159844	1-87494	114478-132861	26983	26983	87494	18384
Juglans	Jug_nigra	Target	NC_035967	160274	89808-115846,134236-160274	1-89807	115847-134235	26039	26039	89807	18389
Physalis	Physa_angulata	Target	NC_039457	156706	87003-112653,131050-156700	1-87002,156701-156706	112654-131049	25651	25651	87008	18396
Chloranthus	Chlora_spicatus	Target	NC_009598	157772	87050-113181,131580-157711	1-87049,157712-157772	113182-131579	26132	26132	87110	18398
Gynostemma	Gynos_pentaphyllum	Target	NC_029484	159208	88488-114461,132863-158836	1-88487,158837-159208	114462-132862	25974	25974	88859	18401
Ilex	Ilex_dumosa	Target	NC_031208	157732	87137-113221,131637-157721	1-87136,157722-157732	113222-131636	26085	26085	87147	18415
Citrus	Citrus_limon	Target	NC_034690	160101	87721-114703,133119-160101	1-87720	114704-133118	26983	26983	87720	18415
Adinandra	Adin_millettii	Target	NC_035678	156311	85716-111794,130216-156294	1-85715,156295-156311	111795-130215	26079	26079	85732	18421
Diphylleia	Diph_cymosa	Target	NC_037908	157004	87138-112827,131258-156947	1-87137,156948-157004	112828-131257	25690	25690	87194	18430
Maianthemum	Mai_dilatatum	Target	NC_039133	156921	85555-112019,130457-156921	1-85554	112020-130456	26465	26465	85554	18437
Neocinnamomum	Neoci_mekongense	Target	NC_039718	150842	91887-112138,130586-150837	1-91886,150838-150842	112139-130585	20252	20252	91891	18447
Diospyros	Diosp_virginiana	Target	NC_039555	157761	87090-113197,131654-157761	1-87089	113198-131653	26108	26108	87089	18456
Viburnum	Vib_betulifolium	Target	NC_037951	158023	86762-113164,131621-158023	1-86761	113165-131620	26403	26403	86761	18456
Boehmeria	Boe_umbrosa	Target	NC_036990	170920	68850-110651,129114-170915	1-68849,170916-170920	110652-129113	41802	41802	68854	18462
Ranunculus	Ranu_repens	Target	NC_036976	154247	84226-110001,128472-154247	1-84225	110002-128471	25776	25776	84225	18470
Calanthe	Cala_triplicata	Target	NC_024544	158759	87345-113794,132271-158720	1-87344,158721-158759	113795-132270	26450	26450	87383	18476
Senna	Senna_occidentalis	Target	NC_038222	159993	89334-115421,133906-159993	1-89333	115422-133905	26088	26088	89333	18484
Masdevallia	Mas_coccinea	Target	NC_026541	157423	84958-111935,130446-157423	1-84957	111936-130445	26978	26978	84957	18510
Dracaena	Draca_cambodiana	Target	NC_039776	156697	84989-111564,130090-156697	1-84988	111565-130089	26576	26608	84988	18525
Taraxacum	Tar_officinale	Target	NC_030772	151324	83903-108335,126885-151317	1-83902,151318-151324	108336-126884	24433	24433	83909	18549
Curcuma	Cur_flaviflora	Target	NC_028729	160478	88021-114951,133533-160478	1-88020	114952-133532	26931	26946	88020	18581
Ostryopsis	Ostryo_davidiana	Target	NC_039130	159280	88592-114633,133217-159258	1-88591,159259-159280	114634-133216	26042	26042	88613	18583
Asclepias	Asc_syriaca	Target	NC_022432	158719	89348-114741,133326-158719	1-89347	114742-133325	25394	25394	89347	18584
Sinojackia	Sinoj_rehderiana	Target	NC_035711	158760	88057-114074,132661-158678	1-88056,158679-158760	114075-132660	26018	26018	88138	18586
Barringtonia	Barr_racemosa	Target	NC_035705	159002	88299-114339,132953-158993	1-88298,158994-159002	114340-132952	26041	26041	88307	18613
Plinia	Pli_cauliflora	Target	NC_039395	159095	88211-114321,132937-159047	1-88210,159048-159095	114322-132936	26111	26111	88258	18615
Cirsium	Cir_arvense	Target	NC_036965	152855	83860-109039,127676-152855	1-83859	109040-127675	25180	25180	83859	18636
Asparagus	Aspa_officinalis	Target	NC_034777	156699	85000-111529,130170-156699	1-84999	111530-130169	26530	26530	84999	18640
Cynara	Cynara_humilis	Target	NC_027113	152585	83624-108774,127430-152585	1-83623	108775-127429	25151	25156	83623	18655
Alseodaphne	Alse_semecarpifolia	Target	NC_037491	153051	93923-114135,132806-153018	1-93922,153019-153051	114136-132805	20213	20213	93955	18670
Corymbia	Corym_eximia	Target	NC_022409	160012	88537-114931,133604-159998	1-88536,159999-160012	114932-133603	26395	26395	88550	18672
Lonicera	Lon_maackii	Target	NC_039636	155318	89208-112920,131601-155313	1-89207,155314-155318	112921-131600	23713	23713	89212	18680
Hydrocotyle	Hydroc_sibthorpioides	Target	NC_035502	152880	84065-109124,127821-152880	1-84064	109125-127820	25060	25060	84064	18696
Saussurea	Sau_involucrata	Target	NC_029465	152490	28985-54154,72855-98025	1-28984,98026-152490	54155-72854	25170	25171	83449	18700
Atractylodes	Atra_lancea	Target	NC_037483	153201	84251-109364,128088-153201	1-84250	109365-128087	25114	25114	84250	18723
Dioscorea	Diosc_cayennensis	Target	NC_039836	152367	82666-108141,126879-152367	1-82665	108142-126878	25476	25489	82665	18737
Angophora	Ango_floribunda	Target	NC_022411	160245	88730-115107,133854-160231	1-88729,160232-160245	115108-133853	26378	26378	88743	18746
Rubus	Ru_crataegifolius	Target	NC_039704	155714	85414-111183,129934-155703	1-85413,155704-155714	111184-129933	25770	25770	85424	18750
Stylosanthes	Styl_hamata	Target	NC_039159	156502	86047-111898,130652-156502	1-86046	111899-130651	25852	25851	86046	18753
Hydrangea	Hydran_hydrangeoides	Target	NC_034936	157692	86811-112830,131584-157603	1-86810,157604-157692	112831-131583	26020	26020	86899	18753
Rosa	Rosa_multiflora	Target	NC_039989	156592	85744-111780,130545-156581	1-85743,156582-156592	111781-130544	26037	26037	85754	18764
Magnolia	Magno_grandiflora	Target	NC_020318	159623	87758-114302,133079-159623	1-87757	114303-133078	26545	26545	87757	18776
Berberis	Berb_bealei	Target	NC_022457	164792	73120-109539,128325-164752	1-73119,164753-164792	109540-128324	36420	36428	73159	18785
Sobralia	Sob_callosa	Target	NC_028147	161430	88667-115647,134450-161430	1-88666	115648-134449	26981	26981	88666	18802
Macadamia	Maca_ternifolia	Target	NC_036416	159669	88073-114456,133261-159650	1-88072,159651-159669	114457-133260	26384	26390	88091	18804
Cabomba	Cab_caroliniana	Target	NC_031505	164057	82094-113668,132478-164057	1-82093	113669-132477	31575	31580	82093	18809
Machilus	Mach_thunbergii	Target	NC_038204	152551	1-20043,38858-58900	58901-152551	20044-38857	20043	20043	93651	18814
Ulmus	Ulm_laciniata	Target	NC_032719	158953	88075-114076,132907-158912	1-88074,158913-158953	114077-132906	26002	26006	88115	18830
Epipactis	Epipa_veratrifolia	Target	NC_030708	159719	87044-113953,132810-159719	1-87043	113954-132809	26910	26910	87043	18856
Nuphar	Nu_pumila	Target	NC_037844	160737	90611-116219,135129-160737	1-90610	116220-135128	25609	25609	90610	18909
Ostrya	Ostrya_rehderiana	Target	NC_028349	159347	88308-114236,133180-159105	1-88307,159106-159347	114237-133179	25929	25926	88549	18943
Phoebe	Pho_bournei	Target	NC_034926	152853	93778-113842,132789-152853	1-93777	113843-132788	20065	20065	93777	18946
Salicornia	Salic_bigelovii	Target	NC_027226	153076	84153-108917,127865-152629	1-84152,152630-153076	108918-127864	24765	24765	84599	18947
Prunus	Prunus_dulcis	Target	NC_034696	157723	85835-112225,131178-157568	1-85834,157569-157723	112226-131177	26391	26391	85989	18952
Haloxylon	Halox_ammodendron	Target	NC_027668	151570	84274-108411,127383-151504	1-84273,151505-151570	108412-127382	24138	24122	84339	18971
Akebia	Ak_quinata	Target	NC_033913	157817	86561-112686,131675-157800	1-86560,157801-157817	112687-131674	26126	26126	86577	18988
Liriodendron	Lir_chinense	Target	NC_030504	159429	87799-114099,133097-159397	1-87798,159398-159429	114100-133096	26301	26301	87830	18997
Oenothera	Oe_argillicola	Target	NC_010358	165061	88519-117286,136289-165056	1-88518,165057-165061	117287-136288	28768	28768	88523	19002
Castanea	Castanea_mollissima	Target	NC_014674	160799	90433-116109,135123-160799	1-90432	116110-135122	25677	25677	90432	19013
Castanopsis	Castano_echinocarpa	Target	NC_023801	160647	90395-116001,135041-160647	1-90394	116002-135040	25607	25607	90394	19039
Quercus	Q_rubra	Target	NC_020152	161304	90542-116393,135453-161304	1-90541	116394-135452	25852	25852	90541	19059
Pistacia	Pist_vera	Target	NC_034998	160674	88298-114833,133921-160474	1-88297,160475-160674	114834-133920	26536	26554	88497	19087
Cinnamomum	Cin_camphora	Target	NC_035882	152570	93708-113785,132879-152570	1-93707	113786-132878	20078	19692	93707	19093
Vitis	Vit_aestivalis	Target	NC_029454	160913	89111-115456,134558-160904	1-89110,160905-160913	115457-134557	26346	26347	89119	19101
Barclaya	Barc_longifolia	Target	NC_035633	158359	88758-113946,133130-158318	1-88757,158319-158359	113947-133129	25189	25189	88798	19183
Pyrus	Pyrus_pyrifolia	Target	NC_015996	159922	87803-114184,133442-159823	1-87802,159824-159922	114185-133441	26382	26382	87901	19257
Malus	Mal_florentina	Target	NC_035625	159672	87660-114033,133299-159672	1-87659	114034-133298	26374	26374	87659	19265
Alnus	Alnus_incana	Target	NC_036752	160807	89432-115471,134768-160807	1-89431	115472-134767	26040	26040	89431	19296
Sorbus	Sorb_torminalis	Target	NC_033975	160390	88032-114437,133766-160171	1-88031,160172-160390	114438-133765	26406	26406	88250	19328
Nelumbo	Nel_lutea	Target	NC_015605	163206	91788-117813,137154-163179	1-91787,163180-163206	117814-137153	26026	26026	91814	19340
Couepia	Cou_guianensis	Target	NC_024063	162125	89048-115881,135251-162084	1-89047,162085-162125	115882-135250	26834	26834	89088	19369
Cephalanthera	Cephala_longifolia	Target	NC_030704	161877	88807-115653,135031-161877	1-88806	115654-135030	26847	26847	88806	19377
Vachellia	Vach_seyal	Target	NC_036735	165383	93902-119953,139332-165383	1-93901	119954-139331	26052	26052	93901	19378
Equisetum	Eq_arvense	Target	NC_014699	133309	93559-103691,123161-133293	1-93558,133294-133309	103692-123160	10133	10133	93574	19469
Ziziphus	Zizi_mauritiana	Target	NC_037151	161543	89082-115556,135069-161543	1-89081	115557-135068	26475	26475	89081	19512
Nymphaea	Ny_alba	Target	NC_006050	159930	90092-115191,134754-159853	1-90091,159854-159930	115192-134753	25100	25100	90168	19562
Maranthes	Mara_glabra	Target	NC_030578	162185	89179-115899,135465-162185	1-89178	115900-135464	26721	26721	89178	19565
Cynanchum	Cynan_auriculatum	Target	NC_029460	160840	92008-116573,136241-160806	1-92007,160807-160840	116574-136240	24566	24566	92041	19667
Huperzia	Hup_lucidula	Target	NC_006861	154373	104089-119392,139070-154373	1-104088	119393-139069	15304	15304	104088	19677
Hirtella	Hir_zanzibarica	Target	NC_030563	162341	88964-115800,135505-162341	1-88963	115801-135504	26837	26837	88963	19704
Licania	Lic_tomentosa	Target	NC_030575	162547	89100-115937,135669-162506	1-89099,162507-162547	115938-135668	26838	26838	89140	19731
Dactyladenia	Dactyla_bellayana	Target	NC_030555	162281	88892-115695,135454-162281	1-88891	115696-135453	26804	26828	88891	19758
Aquilaria	Aq_sinensis	Target	NC_029243	159565	87327-113509,133290-159472	1-87326,159473-159565	113510-133289	26183	26183	87419	19780
Parinari	Parin_curatellifolia	Target	NC_030582	162647	89190-116018,135803-162631	1-89189,162632-162647	116019-135802	26829	26829	89205	19784
Marchantia	Marc_paleacea	Target	NC_001319	121024	81104-91153,110967-121016	1-81103,121017-121024	91154-110966	10050	10050	81111	19813
Calycanthus	Caly_chinensis	Target	NC_037504	153596	87226-110498,130324-153596	1-87225	110499-130323	23273	23273	87225	19825
Aristolochia	Aristo_debilis	Target	NC_036153	159793	89625-114784,134619-159778	1-89624,159779-159793	114785-134618	25160	25160	89639	19834
Morus	Morus_cathayana	Target	NC_031822	159265	88168-113782,133627-159241	1-88167,159242-159265	113783-133626	25615	25615	88191	19844
Trillium	Tril_cuneatum	Target	NC_027185	156610	85961-111327,131225-156591	1-85960,156592-156610	111328-131224	25367	25367	85979	19897
Broussonetia	Brou_papyrifera	Target	NC_035569	160239	88623-114463,134399-160239	1-88622	114464-134398	25841	25841	88622	19935
Firmiana	Fir_major	Target	NC_037242	161302	90179-115678,135803-161302	1-90178	115679-135802	25500	25500	90178	20124
Ficus	Fic_carica	Target	NC_035237	160602	88682-114563,134701-160582	1-88681,160583-160602	114564-134700	25882	25882	88701	20137
Aneura	Aneu_pinguis	Target	NC_035617	120698	83696-92053,112207-120555	1-83695,120556-120698	92054-112206	8358	8349	83838	20153
Illicium	Ill_floridanum	Target	NC_034685	143571	101357-112369,132554-143566	1-101356,143567-143571	112370-132553	11013	11013	101361	20184
Roya	Roya_anglica	Target	NC_024168	138275	92939-105494,125708-138263	1-92938,138264-138275	105495-125707	12556	12556	92950	20213
Gossypium	Gos_barbadense	Target	NC_008641	160317	88842-114428,134731-160317	1-88841	114429-134730	25587	25587	88841	20302
Actinidia	Acti_chinensis	Target	NC_026690	156346	88012-111998,132334-156320	1-88011,156321-156346	111999-132333	23987	23987	88037	20335
Tilia	Til_paucicostata	Target	NC_028591	162653	91140-116662,137131-162653	1-91139	116663-137130	25523	25523	91139	20468
Myriopteris	Myr_covillei	Target	NC_039724	155548	83080-108634,129994-155548	1-83079	108635-129993	25555	25555	83079	21359
Adiantum	Adia_capillus_veneris	Target	NC_004766	150568	82283-105725,127126-150568	1-82282	105726-127125	23443	23443	82282	21400
Asplenium	Aspl_prolongatum	Target	NC_035838	151115	81647-105661,127101-151115	1-81646	105662-127100	24015	24015	81646	21439
Cyrtomium	Cyr_falcatum	Target	NC_028705	151628	82764-106382,127999-151616	1-82763,151617-151628	106383-127998	23619	23618	82775	21616
Lygodium	Lygo_japonicum	Target	NC_022136	157260	85464-110539,132170-157245	1-85463,157246-157260	110540-132169	25076	25076	85478	21630
Woodsia	Woo_polystichoides	Target	NC_035865	150685	82146-105597,127234-150685	1-82145	105598-127233	23452	23452	82145	21636
Alsophila	Also_podophylla	Target	NC_038150	166151	86778-115636,137278-166136	1-86777,166137-166151	115637-137277	28859	28859	86792	21641
Diplaziopsis	Diplazio_cavaleriana	Target	NC_035847	151934	82949-106579,128327-151934	1-82948	106580-128326	23631	23608	82948	21747
Athyrium	Ath_sheareri	Target	NC_035836	151068	82509-105894,127683-151068	1-82508	105895-127682	23386	23386	82508	21788
Deparia	Dep_pycnosora	Target	NC_035845	151126	82560-105948,127738-151126	1-82559	105949-127737	23389	23389	82559	21789
Diplazium	Diplazium_dilatatum	Target	NC_035850	151114	82412-105855,127671-151114	1-82411	105856-127670	23444	23444	82411	21815
Cypripedium	Cypr_formosanum	Target	NC_026772	178131	100977-128552,150474-178050	1-100976,178051-178131	128553-150473	27576	27577	101057	21921
Angiopteris	Angi_evecta	Target	NC_008829	153901	89710-110755,132856-153901	1-89709	110756-132855	21046	21046	89709	22100
Cycas	Cycas_revoluta	Target	NC_020319	162489	1-25037,114074-139110	25038-114073	139111-162489	25037	25037	89036	23379
Thalassiosira	Thala_pseudonana	Target	NC_008589	128814	65251-83584,110482-128814	1-65250	83585-110481	18334	18333	65250	26897
Isoetes	Isoe_engelmannii	Target	NC_038080	144817	91682-104730,131762-144810	1-91681,144811-144817	104731-131761	13049	13049	91688	27031
Porphyra	Porphyra_umbilicalis	Target	NC_035573	190173	146908-151734,185347-190173	1-146907	151735-185346	4827	4827	146907	33612
Pyropia	Pyro_yezoensis	Target	NC_007932	191952	148550-153375,187124-191949	1-148549,191950-191952	153376-187123	4826	4826	148552	33748
Koliella	Koli_longiseta	Target	NC_025531	197094	141684-152296,186476-197088	1-141683,197089-197094	152297-186475	10613	10613	141689	34179
Rhizosolenia	Rhizo_setigera	Target	NC_037996	121011	58552-70610,108943-121001	1-58551,121002-121011	70611-108942	12059	12059	58561	38332
Biddulphia	Bid_tridens	Target	NC_038007	126286	66989-76730,116544-126286	1-66988	76731-116543	9742	9743	66988	39813
Sargassum	Sarg_horneri	Target	NC_029856	124068	1-5309,78621-83929	5310-78620	83930-124068	5309	5309	73311	40139
Mychonastes	Myc_homosphaera	Target	NC_029671	102718	11-6472,53850-60318	6473-53849	1-10,60319-102718	6462	6469	47377	42410
Abies	Abi_sibirica	Target	NC_035067	121224	7829-8999,51644-52814	1-7828,52815-121224	9000-51643	1171	1171	76238	42644
Nannochloropsis	Nann_salina	Target	NC_022261	114882	45243-50359,107257-112360	50360-107256	1-45242,112361-114882	5117	5104	56897	47764
Trifolium	Trif_repens	Target	NC_024036	132120	1767-3789,82467-84498	3790-82466	1-1766,84499-132120	2023	2032	78677	49388
Codonopsis	Codo_lanceolata	Target	NC_037949	403704	155882-158177,239627-241722	1-155881,241723-403704	158178-239626	2296	2096	317863	81449
Pseudopediastrum	Pseudope_boryanum	Target	NC_037920	206668	88520-106293,188895-206668	1-88519	106294-188894	17774	17774	88519	82601
Bracteacoccus	Bract_minor	Target	NC_029674	192761	9-9572,93382-102945	1-8,102946-192761	9573-93381	9564	9564	89824	83809
Pediastrum	Pedia_duplex	Target	NC_034654	232554	94309-114137,212725-232553	114138-212724	1-94308,232554	19829	19829	98587	94309
